{
  "num_queries": 20,
  "content_bucket_summary": {
    "answer_absent_from_context": {
      "count": 9,
      "mean_f1": 0.030849673202614378,
      "mean_context_recall": 0.5833333333333334,
      "mean_answer_coverage": 0.0,
      "mean_selected_answer_coverage": 0.0,
      "sample_query_ids": [
        "006d81bc0bde11eba7f7acde48001122",
        "2d8f3ebe0bda11eba7f7acde48001122",
        "551e024408a611ebbd7fac1f6bf848b6",
        "83bf3b5a0bd911eba7f7acde48001122",
        "914b452c0bdc11eba7f7acde48001122",
        "9fe6a6760baf11ebab90acde48001122",
        "a80d84e7096d11ebbdb0ac1f6bf848b6",
        "bab3b6d00bda11eba7f7acde48001122",
        "d6898f78089511ebbd75ac1f6bf848b6"
      ]
    },
    "answer_present_not_selected": {
      "count": 3,
      "mean_f1": 0.09333333333333334,
      "mean_context_recall": 0.9166666666666666,
      "mean_answer_coverage": 1.0,
      "mean_selected_answer_coverage": 0.0,
      "sample_query_ids": [
        "1c0dd3b00bdc11eba7f7acde48001122",
        "7f7046d308f711ebbdaaac1f6bf848b6",
        "a1cdb240085811ebbd5bac1f6bf848b6"
      ]
    },
    "pre_refinement_anchor_loss": {
      "count": 6,
      "mean_f1": 0.029040404040404044,
      "mean_context_recall": 0.5,
      "mean_answer_coverage": 0.3333333333333333,
      "mean_selected_answer_coverage": 0.0,
      "sample_query_ids": [
        "265daf200bdc11eba7f7acde48001122",
        "2dc690ba0bdc11eba7f7acde48001122",
        "462bb642099211ebbdb0ac1f6bf848b6",
        "6718770a087311ebbd66ac1f6bf848b6",
        "84b691d8086a11ebbd5fac1f6bf848b6",
        "f5e3b9ca0bdb11eba7f7acde48001122"
      ]
    },
    "projection_loss": {
      "count": 1,
      "mean_f1": 0.0,
      "mean_context_recall": 0.5,
      "mean_answer_coverage": 0.0,
      "mean_selected_answer_coverage": 0.0,
      "sample_query_ids": [
        "33f51d7e0bde11eba7f7acde48001122"
      ]
    },
    "qa_partial_or_success": {
      "count": 1,
      "mean_f1": 0.42857142857142855,
      "mean_context_recall": 0.5,
      "mean_answer_coverage": 1.0,
      "mean_selected_answer_coverage": 1.0,
      "sample_query_ids": [
        "dcbee4b608b011ebbd85ac1f6bf848b6"
      ]
    }
  },
  "transition_counts": {
    "answer_present_not_selected->answer_absent_from_context": 1,
    "pre_refinement_anchor_loss->answer_absent_from_context": 6,
    "pre_refinement_anchor_loss->answer_present_not_selected": 3,
    "pre_refinement_anchor_loss->pre_refinement_anchor_loss": 6,
    "pre_refinement_anchor_loss->projection_loss": 1,
    "pre_refinement_anchor_loss->qa_partial_or_success": 1,
    "refinement_update_loss->answer_absent_from_context": 2
  },
  "rows": [
    {
      "query_id": "006d81bc0bde11eba7f7acde48001122",
      "baseline_bucket": "pre_refinement_anchor_loss",
      "content_bucket": "answer_absent_from_context",
      "transition": "pre_refinement_anchor_loss->answer_absent_from_context",
      "delta_f1": 0.0,
      "baseline_f1": 0.0,
      "content_f1": 0.0,
      "oracle_f1": 0.0,
      "baseline_context_recall": 0.5,
      "content_context_recall": 0.5,
      "baseline_answer_coverage": 1.0,
      "content_answer_coverage": 0.0,
      "baseline_selected_answer_coverage": 0.0,
      "content_selected_answer_coverage": 0.0,
      "content_pre_refinement_survival": 0.5,
      "content_post_refinement_survival": 0.5
    },
    {
      "query_id": "1c0dd3b00bdc11eba7f7acde48001122",
      "baseline_bucket": "pre_refinement_anchor_loss",
      "content_bucket": "answer_present_not_selected",
      "transition": "pre_refinement_anchor_loss->answer_present_not_selected",
      "delta_f1": 0.2,
      "baseline_f1": 0.0,
      "content_f1": 0.2,
      "oracle_f1": 0.0,
      "baseline_context_recall": 0.0,
      "content_context_recall": 1.0,
      "baseline_answer_coverage": 0.0,
      "content_answer_coverage": 1.0,
      "baseline_selected_answer_coverage": 0.0,
      "content_selected_answer_coverage": 0.0,
      "content_pre_refinement_survival": 0.5,
      "content_post_refinement_survival": 0.5
    },
    {
      "query_id": "265daf200bdc11eba7f7acde48001122",
      "baseline_bucket": "pre_refinement_anchor_loss",
      "content_bucket": "pre_refinement_anchor_loss",
      "transition": "pre_refinement_anchor_loss->pre_refinement_anchor_loss",
      "delta_f1": 0.0,
      "baseline_f1": 0.0,
      "content_f1": 0.0,
      "oracle_f1": 0.0,
      "baseline_context_recall": 0.0,
      "content_context_recall": 0.5,
      "baseline_answer_coverage": 0.0,
      "content_answer_coverage": 1.0,
      "baseline_selected_answer_coverage": 0.0,
      "content_selected_answer_coverage": 0.0,
      "content_pre_refinement_survival": 0.0,
      "content_post_refinement_survival": 0.0
    },
    {
      "query_id": "2d8f3ebe0bda11eba7f7acde48001122",
      "baseline_bucket": "pre_refinement_anchor_loss",
      "content_bucket": "answer_absent_from_context",
      "transition": "pre_refinement_anchor_loss->answer_absent_from_context",
      "delta_f1": 0.0,
      "baseline_f1": 0.11764705882352941,
      "content_f1": 0.11764705882352941,
      "oracle_f1": 0.11764705882352941,
      "baseline_context_recall": 0.5,
      "content_context_recall": 0.5,
      "baseline_answer_coverage": 0.0,
      "content_answer_coverage": 0.0,
      "baseline_selected_answer_coverage": 0.0,
      "content_selected_answer_coverage": 0.0,
      "content_pre_refinement_survival": 0.5,
      "content_post_refinement_survival": 0.5
    },
    {
      "query_id": "2dc690ba0bdc11eba7f7acde48001122",
      "baseline_bucket": "pre_refinement_anchor_loss",
      "content_bucket": "pre_refinement_anchor_loss",
      "transition": "pre_refinement_anchor_loss->pre_refinement_anchor_loss",
      "delta_f1": 0.09090909090909091,
      "baseline_f1": 0.0,
      "content_f1": 0.09090909090909091,
      "oracle_f1": 0.0,
      "baseline_context_recall": 0.5,
      "content_context_recall": 0.0,
      "baseline_answer_coverage": 0.0,
      "content_answer_coverage": 0.0,
      "baseline_selected_answer_coverage": 0.0,
      "content_selected_answer_coverage": 0.0,
      "content_pre_refinement_survival": 0.0,
      "content_post_refinement_survival": 0.0
    },
    {
      "query_id": "33f51d7e0bde11eba7f7acde48001122",
      "baseline_bucket": "pre_refinement_anchor_loss",
      "content_bucket": "projection_loss",
      "transition": "pre_refinement_anchor_loss->projection_loss",
      "delta_f1": 0.0,
      "baseline_f1": 0.0,
      "content_f1": 0.0,
      "oracle_f1": 0.0,
      "baseline_context_recall": 0.5,
      "content_context_recall": 0.5,
      "baseline_answer_coverage": 0.0,
      "content_answer_coverage": 0.0,
      "baseline_selected_answer_coverage": 0.0,
      "content_selected_answer_coverage": 0.0,
      "content_pre_refinement_survival": 0.5,
      "content_post_refinement_survival": 0.5
    },
    {
      "query_id": "462bb642099211ebbdb0ac1f6bf848b6",
      "baseline_bucket": "pre_refinement_anchor_loss",
      "content_bucket": "pre_refinement_anchor_loss",
      "transition": "pre_refinement_anchor_loss->pre_refinement_anchor_loss",
      "delta_f1": 0.0,
      "baseline_f1": 0.0,
      "content_f1": 0.0,
      "oracle_f1": 0.0,
      "baseline_context_recall": 1.0,
      "content_context_recall": 1.0,
      "baseline_answer_coverage": 0.0,
      "content_answer_coverage": 0.0,
      "baseline_selected_answer_coverage": 0.0,
      "content_selected_answer_coverage": 0.0,
      "content_pre_refinement_survival": 0.0,
      "content_post_refinement_survival": 0.0
    },
    {
      "query_id": "551e024408a611ebbd7fac1f6bf848b6",
      "baseline_bucket": "pre_refinement_anchor_loss",
      "content_bucket": "answer_absent_from_context",
      "transition": "pre_refinement_anchor_loss->answer_absent_from_context",
      "delta_f1": 0.0,
      "baseline_f1": 0.0,
      "content_f1": 0.0,
      "oracle_f1": 0.0,
      "baseline_context_recall": 0.25,
      "content_context_recall": 0.75,